job_title; partnership; company 
Software Engineer (;In partnership with Totaljobs;Ernest Gordon Recruitment
Software Engineer;In partnership with Totaljobs;Oscar Associates (UK) Limited
DV Cleared Software Engineer;In partnership with Totaljobs;Henderson Scott
C++ Software Engineer Wireless Group;In partnership with Totaljobs;Evolution Recruitment Solutions Ltd
Software Engineer (£80k + 15% bonus);In partnership with Totaljobs;ECOM Manchester
Software Engineer;In partnership with Totaljobs;CGI
Software Engineer (Audio Products);In partnership with Totaljobs;Ernest Gordon Recruitment
Customer Due Diligence Platform Software Engineer;In partnership with Totaljobs;Natwest
Software Engineer;In partnership with Totaljobs;Erin Associates
Principal Mobile Software Engineer;In partnership with Totaljobs;BBC
Java Software Engineer;In partnership with Totaljobs;Peaple Talent
Software Engineer;In partnership with Totaljobs;Chassam Recruitment Limited
Software Engineer (All Levels);In partnership with Totaljobs;Henderson Scott
Senior Frontend Software Engineer;In partnership with Totaljobs;BRANCH TECH RECRUITMENT LIMITED
Senior Embedded Software Engineer;In partnership with Totaljobs;Pulse Engineering Solutions Ltd
Software Developer;In partnership with Totaljobs;Searchability (UK) Ltd
Applications Engineer;In partnership with Totaljobs;Mitchell Maguire Ltd
Software Engineer;In partnership with Totaljobs;KO2 Embedded Recruitment Solutions LTD
Software Engineer;In partnership with Totaljobs;DWP Digital
Graduate Applications Engineer;In partnership with Totaljobs;White Label Recruitment Limited
IT Applications Engineer;Found on our partner site Caterer.com;JW Lees
Software Engineer;In partnership with Totaljobs;ECOM Manchester
Software Engineer;In partnership with Totaljobs;KO2 Embedded Recruitment Solutions LTD
Software Engineer;In partnership with Totaljobs;Oscar Associates (UK) Limited
Cyber Software Engineer;In partnership with Totaljobs;Henderson Scott
Mid / Senior iOS Software Engineer iPlayer Mobile;In partnership with Totaljobs;BBC
Mid / Senior Android Software Engineer iPlayer Mobile;In partnership with Totaljobs;BBC
Software Engineer - Numerical Libraries;In partnership with Totaljobs;ARM
Java Software Engineer;In partnership with Totaljobs;Peaple Talent
Software Engineer;In partnership with Totaljobs;Applause IT Limited
Software Engineer;In partnership with Totaljobs;Ultimate Performance Fitness
Software Developer;In partnership with Totaljobs;Innovative Technology
Software Engineer {C# / Real Time Data};In partnership with Totaljobs;Ernest Gordon Recruitment
DV Cleared Software Developers;In partnership with Totaljobs;Henderson Scott
Software Developer;In partnership with Totaljobs;Searchability (UK) Ltd
Lead Software Engineer;In partnership with Totaljobs;Secure Choice
Software Engineer;In partnership with Totaljobs;Atmos International
Software Developer;In partnership with Totaljobs;ROTORK PLC
Software Engineer - JavaScript;In partnership with Totaljobs;Oscar Associates (UK) Limited
Software Engineer;In partnership with Totaljobs;Chroma Recruitment Ltd
Software Engineer (C#);In partnership with Totaljobs;In Technology Group Limited
Embedded Software Engineer;In partnership with Totaljobs;KO2 Embedded Recruitment Solutions LTD
C# Senior Software Engineer;In partnership with Totaljobs;Atmos International
Graduate Software Developer - C#;In partnership with Totaljobs;Klickstarters
Full Stack Software Engineer (£70k + bonus + stock);In partnership with Totaljobs;ECOM Manchester
Principal Software Engineer;In partnership with Totaljobs;Northrop Grumman
Lead Software Engineer;In partnership with Totaljobs;Northrop Grumman
Senior Software Engineer;In partnership with Totaljobs;Northrop Grumman
Senior Software Engineer (iOS);In partnership with Totaljobs;BBC
Senior Software Engineer;In partnership with Totaljobs;ECOM Manchester
Software Engineer (;In partnership with Totaljobs;Ernest Gordon Recruitment
Software Engineer;In partnership with Totaljobs;Oscar Associates (UK) Limited
DV Cleared Software Engineer;In partnership with Totaljobs;Henderson Scott
C++ Software Engineer Wireless Group;In partnership with Totaljobs;Evolution Recruitment Solutions Ltd
Software Engineer (£80k + 15% bonus);In partnership with Totaljobs;ECOM Manchester
Software Engineer;In partnership with Totaljobs;CGI
Software Engineer (Audio Products);In partnership with Totaljobs;Ernest Gordon Recruitment
Customer Due Diligence Platform Software Engineer;In partnership with Totaljobs;Natwest
Software Engineer;In partnership with Totaljobs;Erin Associates
Principal Mobile Software Engineer;In partnership with Totaljobs;BBC
Java Software Engineer;In partnership with Totaljobs;Peaple Talent
Software Engineer;In partnership with Totaljobs;Chassam Recruitment Limited
Software Engineer (All Levels);In partnership with Totaljobs;Henderson Scott
Senior Frontend Software Engineer;In partnership with Totaljobs;BRANCH TECH RECRUITMENT LIMITED
Senior Embedded Software Engineer;In partnership with Totaljobs;Pulse Engineering Solutions Ltd
Software Developer;In partnership with Totaljobs;Searchability (UK) Ltd
Applications Engineer;In partnership with Totaljobs;Mitchell Maguire Ltd
Software Engineer;In partnership with Totaljobs;KO2 Embedded Recruitment Solutions LTD
Software Engineer;In partnership with Totaljobs;DWP Digital
Graduate Applications Engineer;In partnership with Totaljobs;White Label Recruitment Limited
IT Applications Engineer;Found on our partner site Caterer.com;JW Lees
Software Engineer;In partnership with Totaljobs;ECOM Manchester
Software Engineer;In partnership with Totaljobs;KO2 Embedded Recruitment Solutions LTD
Software Engineer;In partnership with Totaljobs;Oscar Associates (UK) Limited
Cyber Software Engineer;In partnership with Totaljobs;Henderson Scott
Mid / Senior iOS Software Engineer iPlayer Mobile;In partnership with Totaljobs;BBC
Mid / Senior Android Software Engineer iPlayer Mobile;In partnership with Totaljobs;BBC
Software Engineer - Numerical Libraries;In partnership with Totaljobs;ARM
Java Software Engineer;In partnership with Totaljobs;Peaple Talent
Software Engineer;In partnership with Totaljobs;Applause IT Limited
Software Engineer;In partnership with Totaljobs;Ultimate Performance Fitness
Software Developer;In partnership with Totaljobs;Innovative Technology
Software Engineer {C# / Real Time Data};In partnership with Totaljobs;Ernest Gordon Recruitment
DV Cleared Software Developers;In partnership with Totaljobs;Henderson Scott
Software Developer;In partnership with Totaljobs;Searchability (UK) Ltd
Lead Software Engineer;In partnership with Totaljobs;Secure Choice
Software Engineer;In partnership with Totaljobs;Atmos International
Software Developer;In partnership with Totaljobs;ROTORK PLC
Software Engineer - JavaScript;In partnership with Totaljobs;Oscar Associates (UK) Limited
Software Engineer;In partnership with Totaljobs;Chroma Recruitment Ltd
Software Engineer (C#);In partnership with Totaljobs;In Technology Group Limited
Embedded Software Engineer;In partnership with Totaljobs;KO2 Embedded Recruitment Solutions LTD
C# Senior Software Engineer;In partnership with Totaljobs;Atmos International
Graduate Software Developer - C#;In partnership with Totaljobs;Klickstarters
Full Stack Software Engineer (£70k + bonus + stock);In partnership with Totaljobs;ECOM Manchester
Principal Software Engineer;In partnership with Totaljobs;Northrop Grumman
Lead Software Engineer;In partnership with Totaljobs;Northrop Grumman
Senior Software Engineer;In partnership with Totaljobs;Northrop Grumman
Senior Software Engineer (iOS);In partnership with Totaljobs;BBC
Senior Software Engineer;In partnership with Totaljobs;ECOM Manchester
